Organization Name,number of unique orgs,number of investments
pegasus-tech-ventures,144,181
desafia,72,73
threshold,47,88
thirty-five-ventures,28,29
singularity-university-ventures,43,43
next47,136,211
tuesday-capital,205,253
berkeley-skydeck-fund,67,69
techstars-boston-accelerator,139,139
techstars-boulder-accelerator,120,120
techstars-seattle-accelerator,87,87
techstars-austin-accelerator,61,61
the-fund,28,28
fusion-fund,45,55
oakhousepartners,53,75
joyance-partners,48,55
stacked-capital,27,28
total-access-fund,128,131
craft-ventures,27,32
group11,40,58
plg-ventures,25,26
hinge-capital,55,63
8-decimal-capital,38,40
sinai-ventures,52,55
union-kitchen-3ec5,53,53
evolution-media-6b5f,26,33
macro-ventures,63,70
nfxcapital,81,98
village-global-2,42,45
saas-ventures-2,25,28
worldquant-ventures,25,26
fosun-rz-capital,65,75
samsungnext,80,121
higher-ground-labs,33,34
goldman-sachs-investment-partners,31,45
therefiners,43,45
alumni-ventures-group,221,252
medtechinnovator,128,133
180-degree-capital,54,108
hack-vc,39,43
the-farm-ventures,28,29
stout-street-capital,42,43
dell-technologies-capital,99,166
ic-3401,50,50
hone-capital,28,29
the-cedars-sinai-accelerator,33,33
techstars-mobility-accelerator,31,31
techstars-new-york-city-accelerator,142,142
purple-arch-ventures,25,27
chestnut-street-ventures,31,36
castor-ventures,39,41
crvvc,269,478
kairoshq,62,73
blue-ivy-ventures-2,30,31
green-d-ventures-2,73,87
goldman-sachs-principal-strategic-investments,41,54
alexandria-venture-investments,64,71
swayvc,43,63
fin-tech-sandbox,47,48
uphonest-capital,70,75
maven-ventures-vc,29,42
costanoaventures,54,90
xrclabs,46,49
polychain-capital,32,37
the-yard-ventures,31,34
halogen-ventures,35,41
herculescapital,92,104
m13,32,37
ifc-venture-capital-group,35,44
trucks-venture-capital,25,28
arabangel,59,66
fifth-wall-ventures-management,26,36
gwc-innovator-fund,31,32
palm-drivecapital,26,27
washington-research-foundation,36,51
asu-venture-devils,131,132
the-chernin-group-llc,41,50
nycapartners,39,54
kentucky-science-and-technology-corporation-kstc,29,38
uta-ventures,27,29
high-alpha-llc,31,43
evonexus-llc,186,191
duke-angel-net,25,26
brightstar-wisconsin-found,38,49
accomplice-atlas-venture,126,191
bullish-co,25,55
wakestream-ventures,35,44
14-w,42,59
otterrock-capital,37,49
kairos-venture-investments-llc,31,33
harbert-growth-partners,36,61
equityzen-inc,26,32
lefrak-organization,41,49
cantos-ventures,30,32
point72-ventures,34,41
wil,29,39
bold-capital,32,39
colle-capital-partners,31,38
43-north,40,42
fifty-years-fund,26,33
fortune-capital,30,31
microsoftventures,72,97
the-rainmakers,27,28
gsv-acceleration,29,51
newark-venture-partners,64,80
quake-capital-partners,110,120
signal-fire,39,50
urban-x,34,37
stanfordstartx-fund,195,233
backstage-capital,53,53
starve-ups,140,142
clocktower-technology-ventures,39,40
refactor-capital,30,37
ffl,127,127
reshape-co,30,33
norwest-mezzanine-partners,38,50
the-perkins-fund,37,57
starta-accelerator,45,45
8vc,103,132
a-list-ventures,69,82
array-ventures,27,28
propel-venture-partners,26,30
plug-and-play-insurance-accelerator,38,39
airbus-ventures,27,35
flight-ventures,58,60
nextgenvp,26,42
oriza-ventures,32,32
sierramaya360-2,38,45
primary-venture-partners,66,98
hig-capital,98,128
melo7-tech-partners-llc,30,33
oreilly-alphatech-ventures,58,116
lcatterton,54,65
launchpad-accelerator,110,110
rosecliff-ventures,36,44
presence-capital,41,43
google-org,30,34
hax-boost-2,33,34
moonshots-capital,31,36
spectrum-28,34,42
precursor-ventures,73,88
comet-labs,37,38
moderne-ventures,48,52
liquid2-ventures,112,120
eclipse-ventures,33,49
amazon-alexa-fund,60,73
new-york-venture-partners,39,44
f-prime-capital-partners,120,182
newdo-venture,28,29
ynext-incubator,37,37
s2g-ventures,29,40
jsv,30,55
endure-capital,27,36
hyperplane-venture-capital,27,35
sterlingvc,25,30
tvm-techno-venture-management,35,56
intel-communications-fund,25,30
prosper-capital,27,33
the-boston-foundation,59,59
endeavor-catalyst,91,97
dain-rauscher-wessels,31,34
service-provider-capital,121,124
third-wave-digital,51,59
keiretsu-capital,51,80
fenway-summer-ventures,35,55
fidelity-management-and-research-company,64,81
metaprop-nyc,43,48
digital-currency-group,119,159
j-hunt-holdings,79,83
us-department-of-commerce-economic-development-administation,27,27
blue-collective,34,39
M25-VC,61,72
cota-capital,41,51
arena-ventures,32,42
jaws-ventures-2,25,30
iconyc-labs,40,40
struck-capital,37,50
reach-capital,41,53
zenstone-venture-capital,34,36
quixotic-ventures,28,28
playground-global,32,36
cormorant-asset-management,58,73
j-h--whitney---co,27,42
soma-capital,104,107
notation-capital-2,26,33
financial-solutions-lab,32,35
marc-bell-ventures,149,152
sound-ventures,59,73
revtech-accelerator,26,30
iseed-ventures,27,30
mesa-ventures,49,55
vertex-ventures,229,357
-angels,29,31
iconventures,83,161
fj-labs,209,248
techsquare-labs,26,28
vilcap-investments,89,94
boston-syndicates,33,40
rally-ventures,37,59
grace-beauty-capital,32,68
sapphire-ventures,131,209
morgan-stanley-expansion-capital,49,54
signatures-capital,109,128
launch-co,139,184
rocketship-vc,32,36
the-r-group-llc,47,59
clean-energy-trust-2,26,29
s2capital,25,26
canopyboulder,67,77
corigin-ventures-2,41,51
bbg-ventures,51,69
grand-central-tech,44,44
bdc-capital-corporation,47,49
zillionize-angel,121,125
johnson-johnson-innovation,43,52
os-fund,33,43
launch-ny,40,61
tandem-capital-2,48,59
mergelane,40,52
r-ga-ventures,61,66
wing-venture-capital,47,67
obvious-ventures,46,64
university-ventures,41,63
courtside-ventures,25,35
salesforce-ventures,266,368
cisco-investments,83,108
peak-ventures,42,57
sovereign-s-capital,29,37
bam-ventures,37,42
rise-of-the-rest,44,53
co-lab-2,27,27
microsoft-ventures-accelerator-seattle,43,46
hard-yaka,66,70
mellon-ventures-2,44,58
qc-fintech,36,36
geekdom-fund-l-p,38,49
constellation-technology-ventures,42,62
matter-ventures,25,26
food-x,73,98
massmutual-ventures,28,39
boomtown-accelerator,115,130
expert-dojo,28,28
summer-highland,50,50
goodwater-capital,30,55
mach37,26,27
uptech-fund,37,82
route-66-ventures,31,47
american-family-ventures,26,35
tao-capital-partners,31,40
structure-capital,68,82
dolby-family-ventures,43,60
icg-group,38,46
oak-hc-ft-partners,37,43
vaizra-investments,31,43
true-ventures,242,460
benchmark,280,578
lightspeed-venture-partners,397,728
khosla-ventures,368,669
greylock,392,677
techstars,1471,1704
brand-foundry-ventures,34,44
draper-fisher-jurvetson,366,738
wi-harper-group,102,144
blackrock,46,56
founders-fund,317,470
riverpark-ventures,60,88
great-oaks-venture-capital,258,358
institutional-venture-partners,178,276
horizon-technology-finance,44,45
mohr-davidow-ventures,137,292
sigma-partners,121,333
iselectfund,27,41
crypto-currency-partners,62,78
ignition-partners,154,288
dn-capital,107,189
danhua-capital,126,153
lumia-capital,35,44
us-venture-partners,237,486
firstmark-capital,110,228
s3-ventures,31,58
march-capital-partners,40,59
amazon,61,83
vivo-capital,67,100
urban-us,42,65
cmea-ventures,39,62
firstmile-ventures,31,37
union-square-ventures,120,272
techcolumbus-2,137,205
techammer,71,75
sands-capital-ventures,40,58
math-venture-partners,28,38
microsoft,116,127
prelude-ventures-llc,26,47
white-star-capital,49,77
stanford-university,74,81
zpark-venture,73,80
gsv-capital,37,50
cue-ball,29,42
jumpstartinc,94,133
lead-edge-capital,42,55
betaworks,138,169
steamboat-ventures,55,108
google,79,93
pejman-mar-ventures,66,98
artis,42,63
sandbox-industries,38,58
blueprint-health-accelerator,72,81
first-analysis,52,68
arthur-ventures-llc,26,44
commerce-ventures,46,78
galvanize,51,70
abs-capital-partners,63,72
sixthirty,46,56
alchemist-accelerator,161,178
cox-enterprises,25,28
astia-angels,37,50
maiden-lane-ventures,26,31
female-founders-fund,33,50
rubicon-venture-capital,34,41
caffeinated-capital,38,64
viking-global-investors,37,47
queensbridge-venture-partners,115,154
visionnaire-ventures,43,57
dorm-room-fund,128,135
deerfield,70,79
fintech-collective,25,43
corazon-capital,38,53
1776-ventures,33,51
mit-global-founders-skills-accelerator,100,103
google-capital,36,60
sprint-accelerator,28,28
vayner-rse,65,71
wellington-management,87,97
fuel-capital,61,79
surge-accelerator,36,41
r-ga-connected-devices-accelerator-2013,30,30
aspect-ventures,64,91
haystack,74,79
cascade-angels-fund,27,32
tumml,28,28
accelfoods,45,84
jp-morgan-chase,38,40
skydeck-berkeley,136,137
trinity-capital-investment,62,72
montage-ventures,31,47
centerpoint-venture-partners,29,54
boxgroup,238,321
altair,171,223
645-angels,30,40
burch-creative-capital,31,35
emerging-capital-partners-ecp,32,32
texas-venture-labs,82,83
innovation-fund,37,39
green-park-golf-ventures,53,76
pantera-capital,63,75
the-capital-royalty-fund,41,49
confluence-capital,41,44
michael-susan-dell-foundation,28,37
amgen-ventures,47,76
ecor1-capital,33,39
mizuho-capital,56,61
conversion-capital-llc,26,37
future-perfect-ventures,28,35
keiretsu-forum-northwest,107,107
zetta-venture-partners,30,49
rock-springs-capital,54,57
american-express-ventures,47,56
liveoak-venture-partners,27,42
tylt-lab,31,40
9mile-labs,42,42
social-capital,240,352
fundersguild,34,43
sparklabs-global-ventures,60,70
kec-ventures,39,63
baird-capital,68,120
wasabi-ventures,48,50
basset-investment-group,28,40
alexandria-venture,30,35
golden-angels-investors,25,38
ben-franklin-technology-partners-of-central-and-northern-pennsylvania,29,31
launch-tennessee,38,61
houston-angel-network,112,179
susa-ventures,78,106
canvas-venture-fund,26,41
william-morris-endeavor,27,27
lakewest-venture-partners,26,39
coatue-management,55,71
maxfield-capital,33,40
china-rock-capital,107,126
us-department-of-education,27,28
energy-excelerator,51,56
svg-ventures,29,29
jump-capital,56,85
raine-ventures,35,57
flint-capital,37,50
drummond-road-capital,33,43
learnlaunchx,32,32
innova-memphis,113,246
gotham-ventures,33,58
synbio-axlr8r,109,161
irishangels,43,69
streamlined-ventures,115,154
drive-capital,29,41
emerson-collective,25,28
fortress-investment-group,28,28
manatt-venture-fund,61,67
sherpa-ventures,106,141
invest-nebraska,57,69
seven-peaks-ventures,27,47
homebrew-ventures,67,89
i2bf-global-ventures,31,45
highway1,74,79
ame-cloud-ventures,143,199
knight-foundation,86,95
afsquare,43,44
chicago-ventures,74,123
susquehanna-international-group-llp,25,31
scout-ventures,57,88
soundboard-angel-fund,29,34
gener8tor,73,102
comerica-incorporated,66,68
blackstone,77,90
missouri-technology-corporation,43,54
bloomberg-beta,107,156
us-department-of-energy,103,117
acceleprise-ventures,114,149
caa-ventures,44,56
better-ventures,28,43
base-vc,55,66
blue-startups,64,78
social-starts,257,316
venture-lab,38,48
bowery-capital,35,57
morgan-stanley-dean-witter,63,67
tenoneten-ventures,51,64
microsoft-ventures,226,258
interplay-ventures,33,33
atdc,44,146
tdf-ventures,46,78
formation8,95,143
rusnano,77,87
blue-cloud-ventures,28,30
kayne-partners,33,35
initialized-capital,95,117
village-capital,44,48
rough-draft-ventures,70,73
laconia-ventures,28,37
two-sigma-ventures,53,96
rho-ventures,61,102
rising-tide-fund,41,48
bolt-io,59,76
institute-for-the-commercialization-of-public-research,71,110
rogue-venture-partners,29,35
scrum-ventures,40,53
dragoneer-investment-group,37,42
toba-capital,48,79
amplify-partners,44,81
the-startup-factory,31,34
iconiq-capital,60,89
delta-v-capital,34,34
middleland-capital,41,65
the-iron-yard,43,46
rockies-venture-club,35,55
jumpstart-ventures,33,49
red-sea-venture-partners,40,51
liberty-global-ventures,31,45
biotechnology-value-fund,25,29
camp-one-ventures,43,60
sharespost-investment-management,69,73
karlin-ventures,34,47
canyon-creek-capital,38,43
recruit-strategic-partners,45,47
bee-partners,36,57
rethink-education,49,71
silicon-badia,57,67
ribbit-capital,40,64
signal-peak-ventures,28,38
massventures,33,53
rothenberg-ventures,86,104
casdin-capital,37,43
winklevoss-capital,72,81
cougar-capital,32,39
strong-ventures,62,96
vegastechfund,130,179
cherrystone-angel-group,27,73
fundersclub,313,396
promus-ventures,63,97
eso-fund,40,46
designer-fund,26,34
fledge,34,34
signia-venture-partners,62,83
cowboy-ventures,55,99
valar-ventures,36,70
double-m-partners,48,68
graph-ventures,53,53
boostfunder,154,170
valor-capital,42,64
piper-jaffray,30,42
data-collective,247,348
asset-management-ventures,72,134
norwest-equity-partners,102,109
marker,48,86
the-impact-engine,47,56
capital-innovators,82,93
bregal-sagemount,38,38
seedinvest,140,160
redmile-group,58,71
startfast-venture-accelerator,33,37
expansion-venture-capital,75,105
mayoclinic,28,35
wefunder,32,34
red-swan,67,78
chattanooga-renaissance-fund,38,46
innospring,38,43
slow-ventures,298,384
breyer-capital,38,53
mit-media-lab,145,145
cultivation-capital,58,112
learncapital,71,98
brooklyn-bridge-ventures,40,45
technexus,45,45
core-innovation-capital,29,38
foresite-capital,47,60
hyde-park-venture-partners,77,123
neu-venture-capital,37,59
mb-venture-partners,46,85
advancit-capital,79,114
resolute-vc,56,92
upwest-labs,69,84
unitus-ventures,33,48
bp-ventures,33,36
grape-arbor-vc,54,57
revel-partners,27,36
start-engine,244,264
healthbox,88,95
merck-global-health-innovation-fund,30,50
amplify-la,68,123
blu-venture-investors,38,58
science,33,40
dingman-center-angels,75,112
acequia-capital,109,131
kortschak-investments-l-p,37,49
k5launch,42,46
muckercapital,78,103
msd-capital,29,35
ben-franklin-technology-partners,25,27
sorenson-capital,36,38
serent-capital,31,33
kbs-p-ventures,38,48
healthtech-capital,31,44
sk-ventures,44,53
the-brandery,55,76
lovell-minnick-partners,32,37
top-tier-capital-partners,26,32
boston-seed-capital,39,58
bmw-ventures,37,54
elevate-ventures,50,61
level-equity,33,38
bb-t-capital-partners,34,34
general-motors-ventures,33,84
portland-seed-fund,83,153
forerunner-ventures,73,136
a-grade-investments,44,48
fortify-ventures,32,40
draper-nexus-ventures,74,105
serra-ventures,74,184
citi-ventures,66,80
webb-investment-network,82,118
startup-health,269,281
ttv-capital,35,58
fulcrum-equity-partners,39,44
kkr,132,155
quotidian-ventures,59,78
romulus-capital,28,48
takeda-ventures,27,37
newme-accelerator,27,27
national-institutes-of-health,258,320
rock-health,84,97
rock-health,84,97
137-ventures,25,26
bizdom-u,26,29
tsvcap,151,177
imagine-k12,48,54
harmony-partners,46,60
collaborative-fund,104,146
er-accelerator,183,207
osage-university-partners,87,150
launchhouse,40,40
tekton-ventures,55,66
biogenerator,36,51
morado-ventures-partners,102,188
start-fund,58,61
main-street-capital,71,73
arc-angel-fund,27,32
betaspring,74,74
citrix-startup-accelerator,32,42
angellist,61,66
pamlico-capital,40,44
bullpen-capital,67,94
tpg-biotech,31,55
u-s-department-of-agriculture,28,34
u-s-department-of-defense,28,28
dundee-venture-capital,38,55
detroit-venture-partners,32,58
pivotnorth-capital,25,46
capricorn-investment-group,33,54
buckhead-investment-partners,31,50
correlation-ventures,161,240
llr-partners,62,65
cervin-ventures,28,41
sandler-capital,31,34
jpmorgan-chase-co,107,121
plug-and-play-ventures,746,893
fca-venture-partners,33,48
brentwood-venture-capital,25,41
j-p-morgan-partners,96,127
high-line-venture-partners,61,71
thrive-capital,110,189
boldstart-ventures,55,93
runa-capital,67,91
500-startups,1644,1993
north-coast-angel-fund,45,61
nashville-capital-network-investment-arm,29,42
mountain-group-capital,27,50
verizon-ventures,69,102
trisiras-group,89,98
eniac-ventures,134,170
innovation-endeavors,99,150
greenspring-associates,117,144
perceptive-advisors,73,84
st-paul-venture-capital,65,105
nextview-ventures,76,125
fontinalis-partners,44,65
lighter-capital,203,317
saic-venture-capital,30,34
ge-ventures,107,167
angelpad,112,171
masschallenge,1349,1362
jumpstart-foundry,66,68
soros-fund-management,26,34
bill-melinda-gates-foundation,87,107
ff-venture-capital,119,331
ra-capital-management,94,112
nc-idea,38,39
kickstart-seed-fund,78,115
invesco-perpetual,55,80
draper-associates-2,170,227
social-leverage,71,92
tomorrow-ventures,53,74
genesis-capital,31,37
four-rivers-group,25,33
golden-seeds,59,75
bridge-bank,40,40
floodgate,200,290
sosv,860,1441
ann-arbor-spark,83,93
excelerate-labs,78,80
osage-partners,41,70
new-schools-venture-fund,55,66
lightbank,98,144
lerer-ventures,280,423
dfj-growth,55,80
boomstartup,101,102
tech-wildcatters,27,31
plymouth-venture-partners,27,49
wellington-financial,41,42
inter-atlantic-group,37,42
right-side-capital-management,788,835
van-wagoner-capital-management,28,41
ulu-ventures,96,111
sopris-capital,27,27
accel-kkr,54,56
kapor-capital,143,195
ia-ventures,57,113
nct-ventures-funds-i,39,44
central-valley-fund,27,27
volition-capital,25,38
viventures,28,32
bain-capital,73,80
ludlow-ventures-llc,78,98
maine-angels,51,109
tiger-global,203,346
tailwind-capital,33,33
moduslink-global-solutions,33,43
celgene,45,58
bullet-time-ventures,181,238
hyde-park-angels,58,98
wilson-sonsini-goodrich-rosati,70,78
wisconsin-investment-partners,47,91
techoperators,26,45
second-century-ventures,39,41
puget-sound-venture-club,49,49
ascension-ventures,54,69
thomas-mcnerney-partners,27,46
denovo-ventures,37,93
founder-collective,251,353
almaz-capital,39,57
safeguard-scientifics,85,127
birchmere-ventures,75,112
cincytech,57,80
medtronic,42,63
venture-investors,49,86
madison-dearborn-partners,25,28
vast-ventures,32,34
general-atlantic,174,201
boston-scientific,28,38
oxford-finance-corporation,84,92
longitude-capital,46,69
alphalab,99,105
k9-ventures,29,48
javelin-venture-partners,66,107
rand-capital,26,42
robin-hood-ventures,36,52
the-dow-chemical-company,32,40
riverwood-capital,33,44
investmichigan-credit-suisse,42,43
silicon-valley-bank,490,562
qed-investors,80,124
transmedia-capital,55,79
maryland-technology-development-corporation,76,82
ben-franklin-technology-partners-of-southeastern-pennsylvania,137,165
susquehanna-growth-equity,48,55
elevar-equity,25,43
rivervest,36,54
sv-angel,744,882
rbc-capital-markets,31,37
andreessen-horowitz,421,705
greatpoint-ventures,26,37
life-science-angels,25,32
nyserda,575,1001
third-rock-ventures,54,98
montreaux-equity-partners,34,64
johnson-johnson-development-corporation,90,150
j-p-morgan-securities-inc,44,54
city-light-capital,34,46
great-hill-partners,33,39
alliance-technology-ventures,25,44
prolog-ventures,31,67
riverside,42,44
frontier-capital,39,43
acumen-fund,26,29
affinity-capital-management,25,39
omega-funds,39,57
the-column-group,27,61
aberdare-ventures,36,70
quaker-bioventures,34,54
broadview-ventures,36,43
deerfield-management,43,46
healthcare-ventures,46,87
sr-one,76,136
sante-ventures,31,50
lilly-ventures,32,61
bioadvance,82,179
pfizer-venture-investments,63,87
freestyle-capital,78,114
pittsburgh-life-sciences-greenhouse,31,53
sjf-ventures,38,55
cross-creek-capital,54,66
aisling-capital,52,87
arboretum-ventures,41,71
baroda-ventures,36,50
nth-power,30,62
wells-fargo-bank,52,58
silver-lake-partners,49,55
adage-capital-management,34,39
ff-angel-llc,65,79
pappas-ventures,33,46
alexandria-real-estate-equities,33,42
hatteras-venture-partners,40,68
forward-ventures,26,54
mpm-capital,106,203
sanderling-ventures,35,82
ftv-capital,56,66
ws-investments,44,48
international-finance-corporation,136,166
texas-pacific-group,96,117
ssm-partners,33,45
tenaya-capital,96,158
kaiser-permanente-ventures,49,73
medimmune-ventures,25,45
essex-woodlands-health-ventures,47,80
stage-1-ventures,29,44
sv-life-sciences,91,209
versant-ventures,142,291
orbimed-advisors,204,328
xseed-capital,43,74
bay-city-capital,52,96
clarus-ventures,45,86
burrill-co,54,85
proquest-investments,32,52
the-vertical-group,25,51
boston-millennia-partners,51,87
google-ventures,425,656
capital-factory,111,131
ohio-techangels-fund,28,34
river-cities-capital,65,87
delphi-ventures,68,144
5am-ventures,64,132
new-leaf-venture-partners,75,149
oxford-bioscience-partners,59,108
new-jersey-economic-development-authority,52,58
merrill-lynch,72,77
hlm-venture-partners,51,91
bluecross-blueshield-venture-partners,40,63
zelkova-ventures,55,69
peterson-ventures,57,87
lucent-venture-partners,36,51
alta-partners,107,219
solidus-company,54,60
needham-capital-partners,26,35
the-sprout-group,74,119
camden-partners,33,43
chevron-technology-ventures,44,67
glynn-capital-management,47,63
j-w-seligman,66,74
new-venture-partners,35,58
deep-fork-capital-2,34,46
mastercard,41,48
prospect-venture-partners,41,77
m-c-partners,25,32
the-westly-group,43,75
arch-venture-partners,152,305
citrix-systems,27,32
brook-venture-partners,49,59
visa,42,44
thomas-weisel-partners-llc,47,50
braemar-energy-ventures,39,93
cnf-investments,30,44
nif-ventures,29,41
noro-moseley-partners,72,115
lux-capital,101,207
maryland-venture-fund,59,80
inventus-capital-partners,43,74
questmark,47,81
idg-ventures-usa,107,142
enertech-capital,39,66
new-science-ventures,41,59
domain-associates,117,244
frazier-healthcare-ventures,83,153
invus,57,79
technology-partners,37,71
advent-international,88,106
pelion-venture-partners,85,141
xg-ventures,72,94
kinetic-ventures,32,59
psilos-group,25,37
metamorphic-ventures-llc,114,161
seraph-group,33,41
startup-capital-ventures,28,45
imlay-investments,28,45
long-river-ventures,27,42
miramar-venture-partners,44,65
freshtracks-capital,39,57
egan-managed-capital,27,51
triangle-peak-partners,40,59
oregon-angel-fund,40,48
lighthouse-capital-partners,39,47
launchcapital,192,227
applied-ventures,39,59
lowercase-capital,128,176
horizon-ventures,30,44
rockport-capital-partners,43,100
trilogy-equity-partnership,49,70
dbl-investors,27,49
pasadena-angels,35,40
third-point-ventures,42,56
harrison-metal-capital,105,196
ngen-ventures,33,60
bootstraplabs,32,42
cit-gap-funds,130,141
peninsula-equity-partners,31,43
clayton-associates,27,45
rose-tech-ventures,29,40
american-capital,26,31
apex-venture-partners,49,83
dreamit-ventures,238,265
cross-atlantic-capital-partners,30,47
silverton-partners,66,124
ovp-venture-partners,54,113
juniper-networks,33,40
crosscut-ventures,71,97
grotech-ventures,92,152
saas-capital,29,30
access-venture-partners,47,77
agility-capital,93,94
tl-ventures,69,111
hearst-interactive-media,73,112
newspring-capital,69,83
sand-hill-angels,109,174
rho-capital-ventures,68,97
accelerator-ventures,44,62
wakefield-group,27,33
bertelsmann-digital-media-investments,74,116
seventysix-capital,28,31
draper-triangle-ventures,35,59
mk-capital,38,62
contour-ventures,46,84
fidelity-investments,86,99
industry-ventures,70,88
nyc-seed,32,39
cit-group,37,39
bowman-capital,43,49
bank-of-america,67,81
rincon-venture-partners,47,78
three-arch-partners,61,115
cardinal-partners,28,52
skyline-ventures,36,67
nokia-growth-partners,92,132
blumberg-capital,97,164
telesoft-partners,37,86
tallwood-venture-capital,27,53
summit-partners,298,327
globespan-capital-partners,85,174
north-hill-ventures,26,45
starvest-partners,40,79
franklin-templeton-investments,39,41
motorola-solutions-venture-capital,111,158
triplepoint-capital,71,77
autodesk,34,39
worldview-technology-partners,63,134
access-industries,39,54
quest-venture-partners,48,76
tribeca-venture-partners,50,97
time-warner-investments,59,91
universal-music-group,26,32
qualcomm-ventures,229,340
founders-co-op,88,115
i2e,30,34
chase-capital-partners,82,91
interwest-partners,192,405
tpg-growth,74,89
innovation-works,200,339
ibm,29,30
queen-city-angels,31,41
rpm-ventures,38,69
mercury-fund,56,137
illinois-ventures,32,43
north-atlantic-capital,28,34
launchpad-venture-group,40,55
ggv-capital,284,478
edison-ventures,135,203
ge-equity,75,83
hillsven-capital,25,41
oracle,33,39
idealab,67,85
dell,27,29
voyager-capital,78,143
ftventures,30,34
walden-international,126,199
y-combinator,2006,2397
amicus-capital,82,105
intersouth-partners,71,158
d-e-shaw-co,29,42
mhs-capital,31,51
new-york-city-investment-fund,32,42
general-electric,31,41
motorola-solutions,42,45
el-dorado-ventures,57,118
covera-ventures,32,51
rustic-canyon-partners,60,99
scale-venture-partners,116,217
square-1-bank,101,107
hummer-winblad-venture-partners,92,205
mitsui-ventures,105,138
general-catalyst-partners,347,644
sofinnova-ventures,126,214
blue-chip-venture-company,47,61
tech-coast-angels,393,462
newbury-ventures,31,46
intel-capital,896,1312
the-aurora-funds,34,61
chrysalis-ventures,37,68
storm-ventures,107,199
wheatley-partners,42,53
intel,51,58
cardinal-venture-capital,26,54
ridgewood-capital,26,43
ampersand-ventures,29,40
gefinor-capital,26,35
the-carlyle-group,163,213
translink-capital,66,112
ktb-ventures,34,41
national-science-foundation,205,269
newyorktimes,27,32
index-ventures,417,737
connecticut-innovations,145,197
fuse-capital,35,47
foundry-group,155,289
pritzker-group-venture-capital,140,203
softtech-vc,181,296
new-atlantic-ventures,54,89
merus-capital,36,55
wr-hambrecht,27,29
harbinger-ventures,25,35
nexus-venture-partners,104,200
highway-12-ventures,25,44
northgate-capital,71,103
moore-capital,27,37
vanguard-ventures,29,56
granite-ventures,86,168
valor-equity-partners,29,45
paladin-capital-group,69,112
advantage-capital-partners,89,115
avalon-ventures,83,162
americanexpress,31,37
allegis-capital,54,104
bain-capital-ventures,220,370
origin-ventures,39,64
rho-canada,29,43
borealis-ventures,29,45
gabriel-venture-partners,35,59
oca-ventures,66,107
thomvest-ventures,50,88
amidzad-partners,41,44
t-rowe-price,101,138
alliance-of-angels,144,179
vspring-capital,39,65
mousse-partners,31,42
upfront-ventures,155,278
valhalla-partners,47,88
flatiron-partners,31,38
western-technology-investment,179,213
adams-capital-management,37,76
woodside-fund,28,49
flagship-ventures,90,202
ascent-venture-partners,48,83
warburg-pincus,199,279
dfj-frontier,50,82
morgan-stanley,126,140
sierra-ventures,151,303
neocarta-ventures,32,56
altos-ventures,93,175
claremont-creek-ventures,33,75
grandbanks-capital,32,68
openview-venture-partners,51,90
ascend-venture-group,26,41
band-of-angels,80,102
ben-franklin-technology-partners-of-northeast-pennsylvania,106,184
milestone-venture-partners,37,58
split-rock-partners,53,94
adams-street-partners,105,172
comcast-interactive-capital,192,284
revolution,81,116
francisco-partners,37,42
panorama-capital,27,42
crescendo-ventures,59,112
amerindo-investment-advisors,54,60
jmi-equity,86,120
jk-b-capital,58,104
felicis-ventures,266,402
dcm,249,460
palomar-ventures,45,94
easton-capital,38,58
novel-tmt-ventures,37,50
epic-ventures,72,131
rembrant-venture-partners,61,134
longworth-venture-partners,52,96
focus-ventures,95,134
commonwealth-capital-ventures,54,102
fairhaven-capital-partners,36,61
406-ventures,53,115
greycroft,274,457
tugboat-ventures,25,36
benhamou-global-ventures,46,57
providence-equity-partners,37,44
artiman-ventures,50,89
new-york-angels,106,141
ata-ventures,44,92
circleup,59,72
new-markets-venture-partners,28,41
in-q-tel,138,180
slater-technology-fund,32,42
advanced-technology-ventures,116,239
kodiak-venture-partners,61,134
new-enterprise-associates,810,1565
comdisco-ventures,66,73
core-capital-partners,45,84
at-t,33,39
enterprise-partners,52,116
abs-ventures,49,81
updata-partners,49,69
ta-associates,106,115
stripes-group,39,52
spectrum-equity-investors,75,93
matrix-partners,276,522
technology-crossover-ventures,271,340
polaris-partners,247,509
rre-ventures,257,471
dag-ventures,139,245
sun-microsystems,38,41
oak-investment-partners,202,384
morgenthaler-ventures,128,285
mentortech-ventures,25,42
north-bridge-venture-partners,181,409
draper-richards,44,67
the-entrepreneurs-fund-iii,27,40
transcosmos,52,63
shasta-ventures,171,321
shea-ventures,44,59
azure-capital-partners,75,133
aol,32,34
maverick-ventures,72,120
brookside-capital,33,45
point-judith-capital,46,74
castile-ventures,25,44
canaan-partners,288,568
citigroup,64,71
qualcomm,65,83
alloy-ventures,80,171
onset-ventures,56,129
venrock,290,602
e-ventures,157,277
prism-venture-management,71,144
emergence-capital-partners,78,164
bezos-expeditions,40,63
harbourvest-partners,80,107
bay-partners,96,171
garage-technology-ventures,47,65
red-rock-ventures,29,52
bev-capital,26,35
vulcan-capital,106,158
capital-group,34,35
allen-and-company,112,140
battery-ventures,341,652
menlo-ventures,285,574
keiretsu-forum,105,114
commonangels,70,149
vantagepoint-capital-partners,155,262
tudor-investments,40,47
novitas-capital,27,39
novak-biddle-venture-partners,59,117
second-avenue-partners,25,42
highland-capital-partners,213,417
alsop-louie-partners,54,73
opus-capital,43,83
clearstone-venture-partners,54,104
sherpalo-ventures,48,66
crosslink-capital,199,338
atlas-venture,266,496
catamount-ventures,32,66
bluerun-ventures,111,190
maveron,148,230
baseline-ventures,102,176
pinnacle-ventures,52,77
sutter-hill-ventures,134,277
madrona-venture-group,163,321
saints-capital,48,65
norwest-venture-partners,307,625
columbia-capital,91,174
idea-fund-partners,29,47
waldenvc,53,79
labrador-ventures,58,111
trident-capital,116,216
anthem-venture-partners,45,73
insight-partners,258,356
